Workbook

Sheet Resumen
A1: RESUMEN DE DEFECTOS
A2: Valores calculados con fórmulas sobre la hoja 'Bugs'
A4: Severidad | B4: Cantidad | C4: % del total | D4: Criterio de clasificación
A5: S1 - Crítico | B5: =COUNTIF(Bugs!C5:C12,"S1 - Crítico") -> 1 | C5: =IFERROR(B5/SUM($B$5:$B$8),0) -> 0.125 | D5: Bloquea una funcionalidad esencial sin workaround. Impide el go-live.
A6: S2 - Mayor | B6: =COUNTIF(Bugs!C5:C12,"S2 - Mayor") -> 3 | C6: =IFERROR(B6/SUM($B$5:$B$8),0) -> 0.375 | D6: Afecta gravemente una función importante; existe workaround parcial.
A7: S3 - Menor | B7: =COUNTIF(Bugs!C5:C12,"S3 - Menor") -> 3 | C7: =IFERROR(B7/SUM($B$5:$B$8),0) -> 0.375 | D7: Falla de comportamiento o mensaje que no impide completar el flujo.
A8: S4 - Trivial | B8: =COUNTIF(Bugs!C5:C12,"S4 - Trivial") -> 1 | C8: =IFERROR(B8/SUM($B$5:$B$8),0) -> 0.125 | D8: Defecto cosmético o de texto, sin impacto funcional.
A9: TOTAL | B9: =SUM(B5:B8) -> 8 | C9: =IFERROR(B9/SUM($B$5:$B$8),0) -> 1 | D9: Minimo exigido por el proyecto: 8 bugs documentados
A11: Estado en Jira | B11: Cantidad | C11: % del total | D11: Significado
A12: New | B12: =COUNTIF(Bugs!E5:E12,"New") -> 2 | C12: =IFERROR(B12/SUM($B$12:$B$16),0) -> 0.25 | D12: Reportado, aun sin tomar por el equipo de desarrollo.
A13: In Progress | B13: =COUNTIF(Bugs!E5:E12,"In Progress") -> 1 | C13: =IFERROR(B13/SUM($B$12:$B$16),0) -> 0.125 | D13: El desarrollador esta trabajando en la corrección.
A14: Fixed | B14: =COUNTIF(Bugs!E5:E12,"Fixed") -> 1 | C14: =IFERROR(B14/SUM($B$12:$B$16),0) -> 0.125 | D14: El dev informa el fix; pendiente de retest por QA.
A15: Reopened | B15: =COUNTIF(Bugs!E5:E12,"Reopened") -> 1 | C15: =IFERROR(B15/SUM($B$12:$B$16),0) -> 0.125 | D15: Retesteado y sigue fallando: se reabre con evidencia nueva.
A16: Closed | B16: =COUNTIF(Bugs!E5:E12,"Closed") -> 3 | C16: =IFERROR(B16/SUM($B$12:$B$16),0) -> 0.375 | D16: Corregido y verificado por QA en el build indicado.
A17: TOTAL | B17: =SUM(B12:B16) -> 8 | C17: =IFERROR(B17/SUM($B$12:$B$16),0) -> 1 | D17: Se simuló el ciclo de vida completo (New -> Closed) en BUG-001, BUG-002 y BUG-005, y un Reopened en BUG-004.
A19: Bugs bloqueantes para producción: BUG-002 (S1) y los tres S2 (BUG-001, BUG-003, BUG-004). Conclusión del informe final: NO-GO.

Sheet Bugs
A1: REPORTE DE BUGS - ShopNow S.A. | Módulo Registro y Perfil
A2: 8 defectos documentados en Jira con formato estándar de industria | Proyecto: ShopNow QA - Registro y Perfil | Sprint 4
A4: ID Bug | B4: Título | C4: Severidad | D4: Prioridad | E4: Estado actual | F4: Módulo | G4: Entorno | H4: Precondiciones | I4: Pasos para reproducir | J4: Resultado obtenido | K4: Resultado esperado | L4: Impacto en el negocio | M4: Caso vinculado | N4: Req. afectado | O4: Evidencia | P4: Ciclo de vida simulado | Q4: Reportado por | R4: Fecha de reporte
A5: BUG-001 | B5: [Registro] El campo contraseña muestra el texto en claro sin interacción del usuario | C5: S2 - Mayor | D5: P2 - Alta | E5: Closed | F5: Registro | G5: Staging | Chrome 120 | Windows 11 | Desktop 1920x1080 | H5: El usuario no está logueado / Navegador sin cache (modo incógnito) | I5: 1. Ingresar a https://staging.shopnow.com.ar/registro 2. Hacer clic en el campo 'Contraseña' 3. Escribir cualquier contraseña | J5: El texto de la contraseña se muestra en claro desde el primer carácter, sin necesidad de hacer clic en el icono del ojo. RNF-04 violado. | K5: Los caracteres deben mostrarse como '......' por defecto. Solo al hacer clic en el icono del ojo deben mostrarse en claro. | L5: Exposición visual de credenciales ante terceros (shoulder surfing). Riesgo reputacional y de cumplimiento para una plataforma con 350.000 usuarios. | M5: CP-010 | N5: RNF-04 | O5: BUG-001-contrasena-visible-chrome.png | P5: New -> In Progress -> Fixed (comentario: 'Fix en build 1.3') -> Retesting (CP-010 reejecutado) -> Closed (comentario: 'Verificado en build 1.3') | Q5: Jeisson M. Uribe | R5: 15/09/2026
A6: BUG-002 | B6: [Registro] En Firefox el botón 'Crear cuenta' no responde al clic | C6: S1 - Crítico | D6: P1 - Crítica | E6: Closed | F6: Registro | G6: Staging | Firefox 121 | Windows 11 | Desktop 1920x1080 | H6: El usuario no está logueado / Formulario completo y válido / T&C marcado | I6: 1. Ingresar a https://staging.shopnow.com.ar/registro en Firefox 2. Completar todos los campos con datos válidos 3. Marcar el checkbox de T&C 4. Hacer clic en 'Crear cuenta' 5. Abrir DevTools (F12) > Console y Network | J6: El botón no ejecuta ninguna acción. No se genera petición a /register en la pestaña Network y la consola muestra 'Uncaught TypeError: e.submitForm is not a function'. Ningún usuario puede registrarse desde Firefox. | K6: La cuenta debe crearse igual que en Chrome y redirigir al panel de perfil. | L6: Bloqueo total del alta de usuarios en Firefox (aprox. 8-10% del tráfico del sitio según la analítica del PO). Pérdida directa de conversión de nuevos usuarios. | M6: CP-029 | N6: RNF-02 | O6: BUG-002-boton-crear-cuenta-firefox.png | P6: New -> In Progress -> Fixed (comentario: 'Fix en build 1.3') -> Retesting (CP-029 reejecutado en Firefox 121) -> Closed (comentario: 'Verificado en build 1.3') | Q6: Jeisson M. Uribe | R6: 15/09/2026
A7: BUG-003 | B7: [Registro] El email de bienvenida llega a los 15 minutos | C7: S2 - Mayor | D7: P2 - Alta | E7: Fixed | F7: Registro | G7: Staging | Chrome 120 | Windows 11 | Desktop 1920x1080 | H7: Registro completado con éxito / Casilla de correo accesible | I7: 1. Completar el registro con un email válido 2. Abrir la casilla del email registrado 3. Cronometrar el tiempo hasta la recepción 4. Repetir 3 veces | J7: El email de bienvenida llega a los 15 minutos aproximadamente (14:12, 15:03 y 15:41 en las tres mediciones). RF-06 se cumple con demora fuera del SLA definido. | K7: El email de bienvenida debe llegar en menos de 2 minutos desde el alta. | L7: El usuario nuevo no puede validar su cuenta ni acceder al link de bienvenida en su primera sesión. Aumenta el abandono en el onboarding y genera tickets de soporte. | M7: CP-015 (bloquea CP-016) | N7: RF-06 | O7: BUG-003-email-bienvenida-demora.png | P7: New -> In Progress -> Fixed (comentario: 'Cola de envío reconfigurada en build 1.4 - pendiente de retest') | Q7: Jeisson M. Uribe | R7: 15/09/2026
A8: BUG-004 | B8: [Perfil] En mobile 375px el botón 'Guardar cambios' queda fuera del viewport | C8: S2 - Mayor | D8: P1 - Crítica | E8: Reopened | F8: Perfil | G8: Staging | Chrome 120 (modo responsive 375x667) | Windows 11 | H8: Usuario logueado / DevTools en modo responsive 375px | I8: 1. Abrir https://staging.shopnow.com.ar/perfil con DevTools en 375px 2. Editar cualquier dato personal 3. Intentar presionar 'Guardar cambios' | J8: El botón queda por debajo del área visible y no se alcanza con scroll vertical; el contenedor tiene overflow oculto. El usuario no puede guardar cambios desde mobile. | K8: Todos los controles deben ser visibles y operables en 375px, sin scroll horizontal ni recorte del contenedor. | L8: Imposibilita la edición de perfil para el tráfico mobile, que representa la mayor parte de los usuarios de e-commerce en Argentina. | M8: CP-031 | N8: RNF-03 | O8: BUG-004-guardar-fuera-viewport-mobile.png | P8: New -> In Progress -> Fixed (comentario: 'Fix en build 1.3') -> Retesting (CP-031 reejecutado) -> Reopened (comentario: 'El botón sigue recortado en 375x667; se adjunta evidencia nueva BUG-004-retest-build13.png') | Q8: Jeisson M. Uribe | R8: 15/09/2026
A9: BUG-005 | B9: [Registro] El mensaje de error por email duplicado dice 'Error inesperado' | C9: S3 - Menor | D9: P3 - Media | E9: Closed | F9: Registro | G9: Staging | Chrome 120 | Windows 11 | Desktop 1920x1080 | H9: Existe una cuenta previa registrada con el email de prueba | I9: 1. Ingresar a /registro 2. Completar el formulario usando un email ya registrado 3. Marcar T&C 4. Clic en 'Crear cuenta' | J9: Se muestra el mensaje genérico 'Error inesperado'. El usuario no sabe que el email ya existe ni que puede recuperar su contraseña. | K9: Mensaje específico: 'Este email ya está registrado. Inicia sesión o recupera tu contraseña'. | L9: Fricción en el alta y aumento de contactos a soporte. El usuario puede abandonar el registro creyendo que el sitio fallo. | M9: CP-005 | N9: RF-02 | O9: BUG-005-mensaje-email-duplicado.png | P9: New -> In Progress -> Fixed (comentario: 'Fix en build 1.3') -> Retesting (CP-005 reejecutado) -> Closed (comentario: 'Verificado en build 1.3') | Q9: Jeisson M. Uribe | R9: 15/09/2026
A10: BUG-006 | B10: [Perfil] El sistema acepta fechas de nacimiento futuras sin mostrar error | C10: S3 - Menor | D10: P3 - Media | E10: In Progress | F10: Perfil | G10: Staging | Chrome 120 | Windows 11 | Desktop 1920x1080 | H10: Usuario logueado en /perfil | I10: 1. Ingresar a /perfil 2. Seleccionar la fecha de nacimiento 15/01/2030 3. Guardar cambios 4. Recargar la página | J10: La fecha futura se guarda y persiste tras recargar, sin ninguna validación ni mensaje de error. RF-07 incumplido. | K10: El sistema debe rechazar fechas posteriores a la fecha actual con el mensaje 'La fecha de nacimiento no puede ser futura'. | L10: Datos demográficos inválidos en la base de usuarios; afecta segmentación de campañas y validaciones de edad mínima. | M10: CP-021 | N10: RF-07 | O10: BUG-006-fecha-nacimiento-futura.png | P10: New -> In Progress (asignado al equipo backend, build 1.4) | Q10: Jeisson M. Uribe | R10: 15/09/2026
A11: BUG-007 | B11: [Foto de perfil] No se muestra la previsualización de la imagen antes de confirmar la carga | C11: S3 - Menor | D11: P4 - Baja | E11: New | F11: Foto de perfil | G11: Staging | Chrome 120 | Windows 11 | Desktop 1920x1080 | H11: Usuario logueado en /perfil / Archivo JPG válido menor a 2 MB disponible | I11: 1. Ingresar a /perfil 2. Clic en 'Cambiar foto' 3. Seleccionar un JPG de 1,2 MB 4. Observar el área de previsualización antes de confirmar | J11: No se muestra ninguna previsualización; el área queda vacía hasta que la carga se confirma y la página se refresca. | K11: Debe mostrarse una miniatura de la imagen seleccionada antes de confirmar, para permitir cancelar si es la foto equivocada. | L11: El usuario sube la foto a ciegas y debe repetir el proceso si se equivoca. Impacto bajo en negocio, alto en experiencia. | M11: CP-025 | N11: RF-09 | O11: BUG-007-sin-preview-foto.png | P11: New (reportado y priorizado para el backlog del Sprint 5) | Q11: Jeisson M. Uribe | R11: 15/09/2026
A12: BUG-008 | B12: [Registro] El placeholder del campo 'Apellido' dice 'Ingresa tu nombre' | C12: S4 - Trivial | D12: P4 - Baja | E12: New | F12: Registro | G12: Staging | Chrome 120 | Windows 11 | Desktop 1920x1080 | H12: El usuario no está logueado | I12: 1. Ingresar a https://staging.shopnow.com.ar/registro 2. Observar el texto placeholder del campo 'Apellido' | J12: El placeholder del campo 'Apellido' muestra el texto 'Ingresa tu nombre'. | K12: El placeholder debe decir 'Ingresa tu apellido'. | L12: Confusión menor en el formulario de alta. No bloquea el flujo pero afecta la percepción de calidad del producto. | M12: CP-001 | N12: RF-07 | O12: BUG-008-placeholder-apellido.png | P12: New (reportado y priorizado para el backlog del Sprint 5) | Q12: Jeisson M. Uribe | R12: 15/09/2026
